Rica,rstronack0@github.io,+37066571574,7390971810,"2021-12-16 17:01:21"
Jayme,jseaman1@yolasite.com,+37068885229,19164027249,"2021-11-13 15:31:10"
Jane,jduffrie2@psu.edu,+37067698153,90467517130,"2021-11-06 03:55:14"
Saxe,shalpen3@1688.com,+37064140901,30251091247,"2021-11-12 19:24:40"
Abbye,atompkins4@friendfeed.com,+37066302135,25716965540,"2021-11-29 18:03:31"
Ruperto,rlearmond5@spotify.com,+37065692856,11835787919,"2021-12-30 08:31:56"
Cassie,cconradie6@printfriendly.com,+37061895933,30251111029,"2021-12-09 18:30:36"
Gerianna,gjohnes7@sitemeter.com,+37067503313,5937375879,"2021-12-16 23:20:32"
Delmer,dgerok8@flickr.com,+37065092845,28116185341,"2021-12-28 08:15:52"
Rosella,rferronet9@mashable.com,+37063530541,22063133373,"2021-12-15 15:29:01"
Gunilla,ggaleroa@wikispaces.com,+37065002954,73625901849,"2021-12-19 12:28:25"
Janelle,jchevolleaub@yahoo.co.jp,+37068826706,67587874822,"2021-12-08 12:27:22"
Lira,lpuddiferc@microsoft.com,+37069750321,35623228641,"2021-12-24 08:48:13"
Waldon,wfranceschinod@usa.gov,+37067991673,88535209380,"2021-11-14 09:37:02"
Janka,jfishlocke@homestead.com,+37064853140,51693190562,"2021-12-08 17:48:51"
Lutero,lblenchf@gmpg.org,+37061580532,29573026679,"2021-11-18 12:40:33"
Dyane,dyeomansg@ask.com,+37063484296,17548422965,"2021-11-11 11:44:24"
Dermot,dfellowesh@biblegateway.com,+37064710959,39161574056,"2021-12-11 18:12:30"
Harper,hbrothertoni@addtoany.com,+37062234034,85339008979,"2021-11-27 06:30:06"
Scarlett,sguyj@spiegel.de,+37063222506,42754893437,"2021-11-27 05:03:16"
Danit,dbaldassik@eepurl.com,+37063110842,57069942434,"2021-11-17 01:32:39"
Nichols,nmedewayl@facebook.com,+37060002196,88494975603,"2021-11-24 07:04:25"
Woodrow,wlowmassm@yahoo.com,+37064813637,57370767576,"2021-11-06 03:05:40"
Artemas,apeasegodn@wikispaces.com,+37069300214,36994649585,"2021-11-15 21:38:47"
Galvan,gclausenthueo@china.com.cn,+37061517490,56030807215,"2021-11-24 22:23:45"
Briggs,bflintiffp@psu.edu,+37062953761,95353009859,"2021-12-15 22:41:37"
Jake,jprichetq@craigslist.org,+37064923767,7271538162,"2021-11-30 21:59:03"
Morganne,mgilliamr@comsenz.com,+37066435232,95764829355,"2021-12-28 21:01:17"
Georgianne,ghalms@microsoft.com,+37065304670,94075744917,"2021-12-13 23:05:54"
Merrile,mthamst@alexa.com,+37063112432,53288712113,"2021-11-12 09:11:31"
Arvin,aventonu@about.me,+37068404477,46748545754,"2021-11-05 02:02:14"
Faunie,fserridgev@bloglovin.com,+37064808208,29696587225,"2021-12-03 09:39:39"
Robers,rthainw@pcworld.com,+37060257086,9325827633,"2021-11-29 15:49:46"
Emmaline,eoldeyx@webeden.co.uk,+37066393004,72284594344,"2021-12-12 05:41:49"
Archibold,aprandyy@ucoz.com,+37069662711,83419143266,"2021-11-15 05:56:50"
Avrom,abrackenburyz@1und1.de,+37060431107,89693095572,"2021-11-25 06:13:40"
Maighdiln,mnetherwood10@1und1.de,+37061980464,91145160467,"2021-12-03 18:33:14"
Abdul,adominka11@domainmarket.com,+37065321738,40628062643,"2021-11-28 03:31:46"
Elka,ehallad12@columbia.edu,+37062524948,20322266977,"2021-12-01 20:13:58"
Harold,halcalde13@printfriendly.com,+37061554195,74791051047,"2021-11-09 00:09:26"
Nichols,nthirtle14@is.gd,+37068823034,12221015866,"2021-12-23 12:18:38"
Caryl,charsnep15@icq.com,+37062263609,35286169010,"2021-11-22 05:07:00"
Jyoti,joxbe16@vk.com,+37066357989,35526620961,"2021-11-30 04:11:32"
Debora,dfellgett17@blogs.com,+37065018415,78712911262,"2021-11-27 00:09:03"
Sheri,sjoder18@addtoany.com,+37068916749,16209385612,"2021-11-24 15:19:10"
Thebault,tborrows19@smh.com.au,+37069960077,12896044383,"2021-12-26 01:12:36"
Wendi,wsemkins1a@hibu.com,+37062723413,46433213525,"2021-11-23 05:01:19"
Johnna,jmacwhan1b@businesswire.com,+37064670282,73630140103,"2021-11-09 18:16:02"
Lannie,lbarbery1c@g.co,+37066947237,96980557597,"2021-12-10 18:25:04"
Hilton,hbalden1d@godaddy.com,+37061507372,39253673828,"2021-11-29 03:01:12"
Darcee,dgiacobelli1e@paginegialle.it,+37067406103,88667896458,"2021-11-10 07:31:00"
Pavlov,pskelly1f@wp.com,+37061309212,39883306812,"2021-12-20 15:55:05"
Ezmeralda,etousy1g@nydailynews.com,+37069181735,94204110368,"2021-11-23 20:14:45"
Elnore,ehatter1h@newsvine.com,+37065414754,22775457687,"2021-12-30 11:34:31"
Alanna,aalphege1i@nbcnews.com,+37069761074,16282272497,"2021-11-15 00:57:58"
Nicola,nortet1j@admin.ch,+37064918465,17979150226,"2021-11-05 13:23:45"
Dyan,dpengelley1k@blogs.com,+37069389463,463902342,"2021-11-28 17:06:13"
Yuma,ybartod1l@behance.net,+37062388201,23337325694,"2021-11-10 03:34:26"
Fawne,fancell1m@gravatar.com,+37062279285,45392469976,"2021-11-30 14:51:25"
Lotte,lrable1n@theglobeandmail.com,+37069556255,3683613769,"2021-11-15 12:12:38"
Anatole,avickerstaff1o@gizmodo.com,+37064363904,34989464635,"2021-12-28 14:49:08"
Malynda,mluc1p@time.com,+37063976499,68615992768,"2021-12-18 02:31:39"
Chrissy,cscraggs1q@bravesites.com,+37068767619,82801252391,"2021-11-23 05:38:31"
Janina,jpalfree1r@newyorker.com,+37062601268,19722598646,"2021-11-04 07:44:48"
Giavani,gthomke1s@squidoo.com,+37062511148,63113454087,"2021-11-24 01:37:01"
Tudor,tgurwood1t@angelfire.com,+37066805877,68852696188,"2021-12-13 23:42:14"
Annabella,aweatherell1u@i2i.jp,+37067166389,11140516868,"2021-12-12 04:07:28"
Ethelred,emerck1v@engadget.com,+37061899274,42037990694,"2021-12-08 06:33:39"
Lissa,lbumpass1w@4shared.com,+37064804581,51015904282,"2021-12-16 08:11:55"
Loralie,lcoupar1x@ca.gov,+37068612157,78188407144,"2021-12-02 10:12:11"
Carolin,csaxby1y@mlb.com,+37060536751,68821676640,"2021-11-24 15:04:51"
Randi,rgiovannacci1z@mozilla.org,+37061574713,49537583788,"2021-12-30 10:04:53"
Rebeka,rbines20@baidu.com,+37062713743,27034393536,"2021-11-20 09:13:00"
Leda,ltorvey21@businesswire.com,+37060933245,25054078365,"2021-11-23 00:06:41"
Celesta,cthomason22@photobucket.com,+37064272283,18184716488,"2021-12-03 21:28:18"
Erinn,eschirach23@yahoo.co.jp,+37064257910,78306953118,"2021-11-04 20:08:39"
Janos,jsakins24@skyrock.com,+37067147788,25759951628,"2021-12-20 13:46:52"
Alair,arumford25@wp.com,+37066583571,99140686377,"2021-11-24 04:19:16"
Hasty,hfinan26@cpanel.net,+37068770400,97236762446,"2021-12-17 07:56:45"
Veronike,vankers27@com.com,+37063268800,22116532608,"2021-11-16 20:05:44"
Lorrayne,lablitt28@wikispaces.com,+37061361305,47815327290,"2021-12-09 11:24:32"
Rutherford,rbortolini29@economist.com,+37063006888,79438436406,"2021-12-16 23:26:55"
Lonny,lestcourt2a@reddit.com,+37063041329,48555954116,"2021-11-14 16:58:59"
Brandice,btouson2b@wordpress.com,+37069612627,59768891584,"2021-11-16 18:58:06"
Sallyann,semmott2c@washington.edu,+37069549836,50964237162,"2021-12-16 11:54:04"
Dallas,dtibbits2d@parallels.com,+37066410913,53502974703,"2021-12-29 07:16:49"
Zachary,zacland2e@fda.gov,+37066847834,39339345563,"2021-11-09 11:05:11"
Stanislas,sjacqueminot2f@cafepress.com,+37069389997,21822073877,"2021-11-17 10:51:13"
Lara,larnaut2g@dot.gov,+37069210687,94534069524,"2021-11-23 17:50:36"
Henderson,hbarrie2h@cbc.ca,+37062850634,12875201849,"2021-11-24 03:54:30"
Farah,fbarrack2i@slashdot.org,+37064914756,30239067461,"2021-12-11 14:19:52"
Burl,bkiffin2j@4shared.com,+37061886158,28159894189,"2021-11-24 16:49:53"
Windy,wtabord2k@state.tx.us,+37061481594,7626440502,"2021-11-27 00:05:17"
Rockie,rcobby2l@state.tx.us,+37060724853,69098873862,"2021-12-12 08:50:49"
Phillis,paistrop2m@si.edu,+37065321153,92783649890,"2021-11-08 06:09:40"
Delaney,dconsterdine2n@sciencedirect.com,+37062202651,54782062748,"2021-12-03 19:12:17"
Ossie,ojennery2o@hugedomains.com,+37066971558,63536746261,"2021-12-17 20:49:29"
Devin,dlawdham2p@rambler.ru,+37066851880,99075582814,"2021-12-14 01:27:01"
Sully,scounsell2q@engadget.com,+37061572787,30119239150,"2021-12-10 12:15:57"
Rene,rlintall2r@netlog.com,+37064526809,23384338561,"2021-12-17 11:56:17"
